Jan 01, 2014;32.855;32.85;32.855;32.84;-0.12%
Jan 02, 2014;33.1;32.84;33.134;32.84;0.75%
Jan 03, 2014;33.2;33.095;33.205;33.016;0.30%
Jan 06, 2014;33.21;33.178;33.282;33.14;0.03%
Jan 07, 2014;33.14;33.185;33.258;33.096;-0.21%
Jan 08, 2014;33.177;33.125;33.215;33.033;0.11%
Jan 09, 2014;33.213;33.14;33.259;33.048;0.11%
Jan 10, 2014;33.002;33.203;33.303;32.987;-0.64%
Jan 13, 2014;33.288;33.032;33.3;33.01;0.87%
Jan 14, 2014;33.318;33.273;33.379;33.197;0.09%
Jan 15, 2014;33.398;33.303;33.462;33.303;0.24%
Jan 16, 2014;33.416;33.383;33.46;33.335;0.05%
Jan 17, 2014;33.615;33.406;33.623;33.388;0.60%
Jan 20, 2014;33.773;33.6;33.823;33.56;0.47%
Jan 21, 2014;33.977;33.758;34.001;33.745;0.60%
Jan 22, 2014;33.945;33.972;33.976;33.815;-0.09%
Jan 23, 2014;34.153;33.93;34.206;33.93;0.61%
Jan 24, 2014;34.51;34.138;34.626;34.108;1.05%
Jan 27, 2014;34.688;34.495;34.863;34.41;0.52%
Jan 28, 2014;34.788;34.655;34.862;34.44;0.29%
Jan 29, 2014;35.091;34.635;35.295;34.435;0.87%
Jan 30, 2014;34.93;35.081;35.453;34.773;-0.46%
Jan 31, 2014;35.176;34.915;35.36;34.915;0.70%
Feb 03, 2014;35.455;35.155;35.492;35.082;0.79%
Feb 04, 2014;35.023;35.44;35.565;34.95;-1.22%
Feb 05, 2014;34.865;35.01;35.096;34.628;-0.45%
Feb 06, 2014;34.73;34.86;34.911;34.59;-0.39%
Feb 07, 2014;34.752;34.72;34.834;34.53;0.06%
Feb 10, 2014;34.75;34.737;34.852;34.673;-0.01%
Feb 11, 2014;34.742;34.735;34.89;34.675;-0.02%
Feb 12, 2014;34.829;34.727;34.846;34.71;0.25%
Feb 13, 2014;35.083;34.819;35.27;34.782;0.73%
Feb 14, 2014;35.12;35.085;35.392;34.955;0.11%
Feb 17, 2014;35.203;35.105;35.297;35;0.24%
Feb 18, 2014;35.46;35.24;35.486;35.16;0.73%
Feb 19, 2014;35.778;35.445;35.878;35.43;0.90%
Feb 20, 2014;35.755;35.758;35.928;35.64;-0.06%
Feb 21, 2014;35.51;35.751;35.892;35.459;-0.69%
Feb 24, 2014;35.532;35.495;35.635;35.355;0.06%
Feb 25, 2014;35.742;35.517;35.755;35.492;0.59%
Feb 26, 2014;36.04;35.727;36.058;35.697;0.83%
Feb 27, 2014;36.02;36.025;36.267;35.989;-0.06%
Feb 28, 2014;36.05;36.005;36.221;35.791;0.08%
Mar 03, 2014;36.532;36.641;36.675;36.17;1.34%
Mar 04, 2014;36.095;36.517;36.517;35.999;-1.20%
Mar 05, 2014;36.045;36.08;36.202;35.905;-0.14%
Mar 06, 2014;36.128;36.03;36.359;36.026;0.23%
Mar 07, 2014;36.388;36.182;36.474;36.178;0.72%
Mar 10, 2014;36.388;36.373;36.483;36.327;0.00%
Mar 11, 2014;36.455;36.373;36.527;36.3;0.18%
Mar 12, 2014;36.48;36.44;36.55;36.419;0.07%
Mar 13, 2014;36.587;36.48;36.659;36.395;0.29%
Mar 14, 2014;36.565;36.572;36.708;36.538;-0.06%
Mar 17, 2014;36.29;36.638;36.732;36.167;-0.75%
Mar 18, 2014;36.245;36.275;36.617;36.175;-0.12%
Mar 19, 2014;36.182;36.23;36.269;35.873;-0.17%
Mar 20, 2014;36.392;36.16;36.461;36.005;0.58%
Mar 21, 2014;36.248;36.37;36.524;36.19;-0.40%
Mar 24, 2014;36.095;36.273;36.303;36.03;-0.42%
Mar 25, 2014;35.498;36.08;36.128;35.462;-1.65%
Mar 26, 2014;35.545;35.483;35.581;35.318;0.13%
Mar 27, 2014;35.617;35.53;35.659;35.498;0.20%
Mar 28, 2014;35.807;35.602;35.807;35.602;0.53%
Mar 31, 2014;35.047;35.737;35.755;35.032;-2.12%
Apr 01, 2014;35.053;35.032;35.172;34.924;0.02%
Apr 02, 2014;35.453;35.045;35.507;35.028;1.14%
Apr 03, 2014;35.583;35.443;35.616;35.405;0.37%
Apr 04, 2014;35.324;35.568;35.611;35.215;-0.73%
Apr 07, 2014;35.617;35.319;35.769;35.25;0.83%
Apr 08, 2014;35.75;35.602;35.787;35.393;0.37%
Apr 09, 2014;35.585;35.678;35.844;35.525;-0.46%
Apr 10, 2014;35.56;35.57;35.61;35.408;-0.07%
Apr 11, 2014;35.645;35.545;35.753;35.518;0.24%
Apr 14, 2014;35.99;35.638;36.039;35.638;0.97%
Apr 15, 2014;36.267;35.958;36.353;35.92;0.77%
Apr 16, 2014;36.034;36.252;36.308;35.93;-0.64%
Apr 17, 2014;35.453;36.032;36.041;35.41;-1.61%
Apr 18, 2014;35.615;35.438;35.635;35.358;0.46%
Apr 21, 2014;35.688;35.6;35.745;35.56;0.20%
Apr 22, 2014;35.695;35.685;35.773;35.62;0.02%
Apr 23, 2014;35.715;35.68;35.739;35.597;0.06%
Apr 24, 2014;35.775;35.7;35.81;35.625;0.17%
Apr 25, 2014;36.02;35.76;36.085;35.718;0.68%
Apr 28, 2014;35.85;36.005;36.105;35.74;-0.47%
Apr 29, 2014;35.64;35.847;35.862;35.515;-0.59%
Apr 30, 2014;35.634;35.625;35.768;35.587;-0.02%
May 01, 2014;35.627;35.633;35.668;35.54;-0.02%
May 02, 2014;35.847;35.61;35.907;35.566;0.62%
May 05, 2014;35.727;35.898;35.898;35.673;-0.33%
May 06, 2014;35.41;35.688;35.718;35.355;-0.89%
May 07, 2014;34.938;35.456;35.545;34.888;-1.33%
May 08, 2014;35.127;34.922;35.168;34.735;0.54%
May 09, 2014;35.233;35.112;35.342;35.038;0.30%
May 12, 2014;35.015;35.22;35.298;34.96;-0.62%
May 13, 2014;34.875;35.025;35.025;34.755;-0.40%
May 14, 2014;34.682;34.855;34.855;34.593;-0.55%
May 15, 2014;34.775;34.667;34.862;34.598;0.27%
May 16, 2014;34.745;34.76;34.848;34.664;-0.09%
May 19, 2014;34.597;34.727;34.84;34.45;-0.43%
May 20, 2014;34.508;34.585;34.707;34.48;-0.26%
May 21, 2014;34.337;34.502;34.585;34.245;-0.50%
May 22, 2014;34.312;34.333;34.38;34.212;-0.07%
May 23, 2014;34.125;34.297;34.368;34.06;-0.54%
May 26, 2014;34.185;34.11;34.213;34;0.18%
May 27, 2014;34.417;34.17;34.468;34.138;0.68%
May 28, 2014;34.573;34.413;34.593;34.362;0.45%
May 29, 2014;34.665;34.54;34.712;34.513;0.27%
May 30, 2014;34.92;34.66;34.937;34.626;0.74%
Jun 02, 2014;35.065;34.91;35.12;34.828;0.42%
Jun 03, 2014;35.102;35.05;35.102;34.922;0.11%
Jun 04, 2014;34.983;35.085;35.252;34.958;-0.34%
Jun 05, 2014;34.697;34.945;35.023;34.653;-0.82%
Jun 06, 2014;34.447;34.682;34.763;34.38;-0.72%
Jun 09, 2014;34.367;34.432;34.489;34.245;-0.23%
Jun 10, 2014;34.369;34.352;34.41;34.249;0.01%
Jun 11, 2014;34.398;34.322;34.449;34.277;0.08%
Jun 12, 2014;34.36;34.385;34.422;34.262;-0.11%
Jun 13, 2014;34.385;34.38;34.491;34.32;0.07%
Jun 16, 2014;34.625;34.42;34.682;34.386;0.70%
Jun 17, 2014;34.833;34.608;34.874;34.608;0.60%
Jun 18, 2014;34.382;34.818;34.871;34.365;-1.29%
Jun 19, 2014;34.385;34.385;34.455;34.15;0.01%
Jun 20, 2014;34.458;34.377;34.537;34.315;0.21%
Jun 23, 2014;34.093;34.426;34.457;34.07;-1.06%
Jun 24, 2014;33.818;34.098;34.133;33.63;-0.81%
Jun 25, 2014;33.76;33.795;33.958;33.638;-0.17%
Jun 26, 2014;33.717;33.798;33.81;33.637;-0.13%
Jun 27, 2014;33.753;33.712;33.762;33.54;0.11%
Jun 30, 2014;33.988;33.73;34.066;33.707;0.70%
Jul 01, 2014;34.358;33.978;34.367;33.975;1.09%
Jul 02, 2014;34.275;34.356;34.383;34.148;-0.24%
Jul 03, 2014;34.291;34.248;34.411;34.13;0.05%
Jul 04, 2014;34.399;34.286;34.506;34.21;0.31%
Jul 07, 2014;34.443;34.392;34.63;34.383;0.13%
Jul 08, 2014;34.288;34.4869;34.288;34.288;-0.45%
Jul 09, 2014;33.9675;34.2355;33.9675;33.9675;-0.93%
Jul 10, 2014;34.0388;33.8624;34.0388;34.0388;0.21%
Jul 11, 2014;34.1605;34.0356;34.1605;34.1605;0.36%
Jul 14, 2014;34.315;34.1629;34.315;34.315;0.45%
Jul 15, 2014;34.3843;34.3865;34.3843;34.3843;0.20%
Jul 16, 2014;34.398;34.4138;34.398;34.398;0.04%
Jul 17, 2014;34.9324;34.4206;34.9324;34.9324;1.55%
Jul 18, 2014;35.11;35.2484;35.11;35.11;0.51%
Jul 21, 2014;35.1964;35.1145;35.1964;35.1964;0.25%
Jul 22, 2014;34.9581;35.2003;34.9581;34.9581;-0.68%
Jul 23, 2014;34.8395;34.8947;34.8395;34.8395;-0.34%
Jul 24, 2014;35.0406;34.8408;35.0406;35.0406;0.58%
Jul 25, 2014;35.095;35.0793;35.095;35.095;0.16%
Jul 28, 2014;35.4872;35.095;35.4872;35.4872;1.12%
Jul 29, 2014;35.74;35.525;35.74;35.74;0.71%
Jul 30, 2014;35.6146;35.7066;35.6146;35.6146;-0.35%
Jul 31, 2014;35.6474;35.6146;35.6474;35.6474;0.09%
Aug 01, 2014;35.7145;35.759;35.7145;35.7145;0.19%
Aug 04, 2014;35.8333;35.7482;35.8333;35.8333;0.33%
Aug 05, 2014;35.9021;35.8285;35.9021;35.9021;0.19%
Aug 06, 2014;36.223;35.92;36.223;36.223;0.89%
Aug 07, 2014;36.2772;36.1858;36.2772;36.2772;0.15%
Aug 08, 2014;36.2778;36.2857;36.2778;36.2778;0.00%
Aug 11, 2014;35.9259;36.2593;35.9259;35.9259;-0.97%
Aug 12, 2014;36.1302;35.9946;36.1302;36.1302;0.57%
Aug 13, 2014;36.0915;36.1317;36.0915;36.0915;-0.11%
Aug 14, 2014;35.988;36.055;35.988;35.988;-0.29%
Aug 15, 2014;36.237;36.0178;36.237;36.237;0.69%
Aug 18, 2014;36.105;36.1783;36.105;36.105;-0.36%
Aug 19, 2014;36.1815;36.093;36.1815;36.1815;0.21%
Aug 20, 2014;36.2619;36.1915;36.2619;36.2619;0.22%
Aug 21, 2014;36.1015;36.252;36.1015;36.1015;-0.44%
Aug 22, 2014;36.1691;36.1;36.1691;36.1691;0.19%
Aug 25, 2014;36.155;36.161;36.155;36.155;-0.04%
Aug 26, 2014;36.1035;36.1644;36.1035;36.1035;-0.14%
Aug 27, 2014;36.1779;36.098;36.1779;36.1779;0.21%
Aug 28, 2014;36.776;36.1866;36.776;36.776;1.65%
Aug 29, 2014;37.076;36.78;37.076;37.076;0.82%
Sep 01, 2014;37.2469;37.0749;37.2469;37.2469;0.46%
Sep 02, 2014;37.4459;37.2511;37.4459;37.4459;0.53%
Sep 03, 2014;36.8422;37.4305;36.8422;36.8422;-1.61%
Sep 04, 2014;36.9735;36.8388;36.9735;36.9735;0.36%
Sep 05, 2014;36.9489;36.9761;36.9489;36.9489;-0.07%
Sep 08, 2014;37.0504;37.0735;37.0504;37.0504;0.27%
Sep 09, 2014;37.1034;37.0563;37.1034;37.1034;0.14%
Sep 10, 2014;37.3373;37.0685;37.3373;37.3373;0.63%
Sep 11, 2014;37.4922;37.3291;37.4922;37.4922;0.41%
Sep 12, 2014;37.869;37.5198;37.869;37.869;1.01%
Sep 15, 2014;38.3475;37.8805;38.3475;38.3475;1.26%
Sep 16, 2014;38.7183;38.3685;38.7183;38.7183;0.97%
Sep 17, 2014;38.363;38.7223;38.363;38.363;-0.92%
Sep 18, 2014;38.4343;38.389;38.4343;38.4343;0.19%
Sep 19, 2014;38.5396;38.4011;38.5396;38.5396;0.27%
Sep 22, 2014;38.6655;38.5396;38.6655;38.6655;0.33%
Sep 23, 2014;38.5967;38.67;38.5967;38.5967;-0.18%
Sep 24, 2014;38.1805;38.5967;38.1805;38.1805;-1.08%
Sep 25, 2014;38.479;38.1891;38.479;38.479;0.78%
Sep 26, 2014;39.105;38.481;39.105;39.105;1.63%
Sep 29, 2014;39.4339;39.1123;39.4339;39.4339;0.84%
Sep 30, 2014;39.6005;39.4757;39.6005;39.6005;0.42%
Oct 01, 2014;39.6555;39.5727;39.6555;39.6555;0.14%
Oct 02, 2014;39.6396;39.66;39.6396;39.6396;-0.04%
Oct 03, 2014;39.9387;39.654;39.9387;39.9387;0.75%
Oct 06, 2014;39.8824;39.9386;39.8824;39.8824;-0.14%
Oct 07, 2014;39.945;39.8587;39.945;39.945;0.16%
Oct 08, 2014;40.1443;39.9402;40.1443;40.1443;0.50%
Oct 09, 2014;40.05;40.13;40.05;40.05;-0.23%
Oct 10, 2014;40.376;40.086;40.376;40.376;0.81%
Oct 13, 2014;40.49;40.376;40.49;40.49;0.28%
Oct 14, 2014;40.8437;40.49;40.8437;40.8437;0.87%
Oct 15, 2014;40.6594;40.8534;40.6594;40.6594;-0.45%
Oct 16, 2014;40.9965;40.6858;40.9965;40.9965;0.83%
Oct 17, 2014;40.6523;40.9272;40.6523;40.6523;-0.84%
Oct 20, 2014;41.032;40.6523;41.032;41.032;0.93%
Oct 21, 2014;40.9587;41.0501;40.9587;40.9587;-0.18%
Oct 22, 2014;41.3301;40.94;41.3301;41.3301;0.91%
Oct 23, 2014;41.7463;41.3246;41.7463;41.7463;1.01%
Oct 24, 2014;41.9405;41.7328;41.9405;41.9405;0.47%
Oct 27, 2014;42.2536;41.9405;42.2536;42.2536;0.75%
Oct 28, 2014;42.4793;42.298;42.4793;42.4793;0.53%
Oct 29, 2014;42.8065;42.4793;42.8065;42.8065;0.77%
Oct 30, 2014;41.6445;42.8065;41.6445;41.6445;-2.71%
Oct 31, 2014;43.034;41.6445;43.034;43.034;3.34%
Nov 03, 2014;43.608;43.034;43.608;43.608;1.33%
Nov 04, 2014;43.59;43.57;43.805;43.548;-0.04%
Nov 05, 2014;44.9418;43.608;44.9418;44.9418;3.10%
Nov 06, 2014;46.8675;44.9418;46.8675;46.8675;4.28%
Nov 07, 2014;46.65;46.8675;46.65;46.65;-0.46%
Nov 10, 2014;45.8525;46.65;45.8525;45.8525;-1.71%
Nov 11, 2014;46.3543;45.8525;46.3543;46.3543;1.09%
Nov 12, 2014;45.93;46.3543;45.93;45.93;-0.92%
Nov 13, 2014;46.8;45.93;46.8;46.8;1.89%
Nov 14, 2014;47.196;46.8;47.196;47.196;0.85%
Nov 17, 2014;47.1186;47.196;47.1186;47.1186;-0.16%
Nov 18, 2014;46.9025;47.1186;46.9025;46.9025;-0.46%
Nov 19, 2014;46.861;46.9025;46.861;46.861;-0.09%
Nov 20, 2014;46.152;46.861;46.152;46.152;-1.51%
Nov 21, 2014;45.7308;46.152;45.7308;45.7308;-0.91%
Nov 24, 2014;44.9978;45.7308;44.9978;44.9978;-1.60%
Nov 25, 2014;46.263;44.9978;46.263;46.263;2.81%
Nov 26, 2014;47.3808;46.263;47.3808;47.3808;2.42%
Nov 27, 2014;48.655;47.3808;48.655;48.655;2.69%
Nov 28, 2014;50.4085;48.655;50.4085;50.4085;3.60%
Dec 01, 2014;51.1852;50.4085;51.1852;51.1852;1.54%
Dec 02, 2014;53.85;51.1852;53.85;53.85;5.21%
Dec 03, 2014;53.1568;53.85;53.1568;53.1568;-1.29%
Dec 04, 2014;54.3528;53.1568;54.3528;54.3528;2.25%
Dec 05, 2014;52.5101;54.3528;52.5101;52.5101;-3.39%
Dec 08, 2014;53.7432;52.5101;53.7432;53.7432;2.35%
Dec 09, 2014;54.0559;53.7432;54.0559;54.0559;0.58%
Dec 10, 2014;54.8523;54.0559;54.8523;54.8523;1.47%
Dec 11, 2014;56.3955;54.8523;56.3955;56.3955;2.81%
Dec 12, 2014;58.1819;56.3955;58.1819;58.1819;3.17%
Dec 15, 2014;64.4455;58.1819;64.4455;64.4455;10.77%
Dec 16, 2014;67.5062;64.4455;67.5062;67.5062;4.75%
Dec 17, 2014;60.572;67.5062;60.572;60.572;-10.27%
Dec 18, 2014;61.5;60.572;61.5;61.5;1.53%
Dec 19, 2014;58.6014;61.5;58.6014;58.6014;-4.71%
Dec 22, 2014;55.8605;58.6014;55.8605;55.8605;-4.68%
Dec 23, 2014;54.5611;55.8605;54.5611;54.5611;-2.33%
Dec 24, 2014;53.5;54.5611;53.5;53.5;-1.94%
Dec 25, 2014;52.5179;53.5;52.5179;52.5179;-1.84%
Dec 26, 2014;53.95;52.5179;53.95;53.95;2.73%
Dec 29, 2014;58.3217;53.95;58.3217;58.3217;8.10%
Dec 30, 2014;55.9077;58.3217;55.9077;55.9077;-4.14%
Dec 31, 2014;58.048;55.29;60.561;55.29;3.83%
Jan 01, 2015;58.048;58.047;58.048;58.047;0.00%
Jan 02, 2015;58.75;58.046;61.24;57.995;1.21%
Jan 05, 2015;60.8074;55.9077;60.8074;60.8074;3.50%
Jan 06, 2015;63.0892;60.8074;63.0892;63.0892;3.75%
Jan 07, 2015;62.9;63.73;64.145;62.055;-0.30%
Jan 08, 2015;60.3831;63.0892;60.3831;60.3831;-4.00%
Jan 09, 2015;61.4457;60.3831;61.4457;61.4457;1.76%
Jan 12, 2015;63.1624;61.4457;63.1624;63.1624;2.79%
Jan 13, 2015;65.2646;63.1624;65.2646;65.2646;3.33%
Jan 14, 2015;64.7915;65.2646;64.7915;64.7915;-0.72%
Jan 15, 2015;65.2315;64.7915;65.2315;65.2315;0.68%
Jan 16, 2015;65.122;65.2315;65.122;65.122;-0.17%
Jan 19, 2015;65.0073;65.122;65.0073;65.0073;-0.18%
Jan 20, 2015;65.1776;65.0073;65.1776;65.1776;0.26%
Jan 21, 2015;65.3002;65.1776;65.3002;65.3002;0.19%
Jan 22, 2015;64.1307;65.3002;64.1307;64.1307;-1.79%
Jan 23, 2015;64.2388;64.1307;64.2388;64.2388;0.17%
Jan 26, 2015;68.5074;64.2388;68.5074;68.5074;6.64%
Jan 27, 2015;66.8431;68.5074;66.8431;66.8431;-2.43%
Jan 28, 2015;68.0284;66.8431;68.0284;68.0284;1.77%
Jan 29, 2015;68.7572;68.0284;68.7572;68.7572;1.07%
Jan 30, 2015;68.8629;68.7572;68.8629;68.8629;0.15%
Feb 02, 2015;68.3189;68.8629;68.3189;68.3189;-0.79%
Feb 03, 2015;65.1916;68.3189;65.1916;65.1916;-4.58%
Feb 04, 2015;68.0081;65.1916;68.0081;68.0081;4.32%
Feb 05, 2015;66.4901;68.0081;66.4901;66.4901;-2.23%
Feb 06, 2015;66.9112;66.4901;66.9112;66.9112;0.63%
Feb 09, 2015;65.7958;66.9112;65.7958;65.7958;-1.67%
Feb 10, 2015;65.4528;65.7958;65.4528;65.4528;-0.52%
Feb 11, 2015;65.3146;65.4528;65.3146;65.3146;-0.21%
Feb 12, 2015;65.1725;65.3146;65.1725;65.1725;-0.22%
Feb 13, 2015;63.5449;65.1725;63.5449;63.5449;-2.50%
Feb 16, 2015;63.1931;63.5449;63.1931;63.1931;-0.55%
Feb 17, 2015;62.5819;63.1931;62.5819;62.5819;-0.97%
Feb 18, 2015;61.5669;62.5819;61.5669;61.5669;-1.62%
Feb 19, 2015;61.9023;61.5669;61.9023;61.9023;0.54%
Feb 20, 2015;62.012;61.9023;62.012;62.012;0.18%
Feb 23, 2015;63.8;62.15;64.6;61.5;2.88%
Feb 24, 2015;62.8549;62.012;62.8549;62.8549;-1.48%
Feb 25, 2015;61.3583;62.8549;61.3583;61.3583;-2.38%
Feb 26, 2015;61.1606;61.3583;61.1606;61.1606;-0.32%
Feb 27, 2015;61.6207;61.1606;61.6207;61.6207;0.75%
Mar 02, 2015;62.6193;61.6207;62.6193;62.6193;1.62%
Mar 03, 2015;61.9255;62.6193;61.9255;61.9255;-1.11%
Mar 04, 2015;61.9741;61.9255;61.9741;61.9741;0.08%
Mar 05, 2015;60.8328;61.9741;60.8328;60.8328;-1.84%
Mar 06, 2015;60.4303;60.8328;60.4303;60.4303;-0.66%
Mar 09, 2015;60.789;60.383;61.085;60;0.59%
Mar 10, 2015;62.5248;60.4303;62.5248;62.5248;2.86%
Mar 11, 2015;61.6381;62.5248;61.6381;61.6381;-1.42%
Mar 12, 2015;61.2711;61.6381;61.2711;61.2711;-0.60%
Mar 13, 2015;62.216;61.2711;62.216;62.216;1.54%
Mar 16, 2015;62.1895;62.216;62.1895;62.1895;-0.04%
Mar 17, 2015;61.4528;62.1895;61.4528;61.4528;-1.18%
Mar 18, 2015;59.3145;61.4528;59.3145;59.3145;-3.48%
Mar 19, 2015;59.9972;59.3145;59.9972;59.9972;1.15%
Mar 20, 2015;59.2727;59.9972;59.2727;59.2727;-1.21%
Mar 23, 2015;58.745;59.2727;58.745;58.745;-0.89%
Mar 24, 2015;57.7006;58.745;57.7006;57.7006;-1.78%
Mar 25, 2015;57.3978;57.7006;57.3978;57.3978;-0.52%
Mar 26, 2015;57.2957;57.3978;57.2957;57.2957;-0.18%
Mar 27, 2015;57.896;57.2957;57.896;57.896;1.05%
Mar 30, 2015;57.5936;57.896;57.5936;57.5936;-0.52%
Mar 31, 2015;58.1993;57.5936;58.1993;58.1993;1.05%
Apr 01, 2015;57.6204;58.1993;57.6204;57.6204;-0.99%
Apr 02, 2015;56.6453;57.6204;56.6453;56.6453;-1.69%
Apr 03, 2015;56.61;56.6453;56.61;56.61;-0.06%
Apr 06, 2015;55.4838;56.61;55.4838;55.4838;-1.99%
Apr 07, 2015;55.0283;55.4838;55.0283;55.0283;-0.82%
Apr 08, 2015;53.6005;55.0283;53.6005;53.6005;-2.59%
Apr 09, 2015;51.8875;53.6005;51.8875;51.8875;-3.20%
Apr 10, 2015;53.6162;51.8875;53.6162;53.6162;3.33%
Apr 13, 2015;52.0423;53.6162;52.0423;52.0423;-2.94%
Apr 14, 2015;50.8833;52.0423;50.8833;50.8833;-2.23%
Apr 15, 2015;49.7024;50.8833;49.7024;49.7024;-2.32%
Apr 16, 2015;49.7995;49.7024;49.7995;49.7995;0.20%
Apr 17, 2015;51.8821;49.7995;51.8821;51.8821;4.18%
Apr 20, 2015;53.3222;51.8821;53.3222;53.3222;2.78%
Apr 21, 2015;53.7634;53.3222;53.7634;53.7634;0.83%
Apr 22, 2015;52.2144;53.7634;52.2144;52.2144;-2.88%
Apr 23, 2015;50.7827;52.2144;50.7827;50.7827;-2.74%
Apr 24, 2015;50.9084;50.7827;50.9084;50.9084;0.25%
Apr 27, 2015;51.9876;50.9084;51.9876;51.9876;2.12%
Apr 28, 2015;51.5342;51.9876;51.5342;51.5342;-0.87%
Apr 29, 2015;51.0402;51.5342;51.0402;51.0402;-0.96%
Apr 30, 2015;51.6513;51.0402;51.6513;51.6513;1.20%
May 01, 2015;51.796;51.693;51.966;51.17;0.28%
May 04, 2015;52.111;51.733;52.331;51.12;0.61%
May 05, 2015;50.4491;51.6513;50.4491;50.4491;-3.19%
May 06, 2015;51.0011;50.4491;51.0011;51.0011;1.09%
May 07, 2015;50.3321;51.0011;50.3321;50.3321;-1.31%
May 08, 2015;51.0377;50.3321;51.0377;51.0377;1.40%
May 11, 2015;51.246;50.414;51.786;50.414;0.41%
May 12, 2015;49.9501;51.0377;49.9501;49.9501;-2.53%
May 13, 2015;49.2576;49.9501;49.2576;49.2576;-1.39%
May 14, 2015;50.122;49.2576;50.122;50.122;1.75%
May 15, 2015;49.5628;50.122;49.5628;49.5628;-1.12%
May 18, 2015;49.0687;49.5628;49.0687;49.0687;-1.00%
May 19, 2015;49.5371;49.0687;49.5371;49.5371;0.95%
May 20, 2015;49.7284;49.5371;49.7284;49.7284;0.39%
May 21, 2015;49.9847;49.7284;49.9847;49.9847;0.52%
May 22, 2015;49.9817;49.9847;49.9817;49.9817;-0.01%
May 25, 2015;49.9733;49.9817;49.9733;49.9733;-0.02%
May 26, 2015;50.9499;49.9733;50.9499;50.9499;1.95%
May 27, 2015;51.9873;50.9499;51.9873;51.9873;2.04%
May 28, 2015;52.5899;51.9873;52.5899;52.5899;1.16%
May 29, 2015;52.3212;52.5899;52.3212;52.3212;-0.51%
Jun 01, 2015;53.6187;52.3212;53.6187;53.6187;2.48%
Jun 02, 2015;52.8647;52.8069;52.8647;52.8647;-1.41%
Jun 03, 2015;54.2938;52.8647;54.2938;54.2938;2.70%
Jun 04, 2015;56.4487;54.2938;56.4487;56.4487;3.97%
Jun 05, 2015;56.2446;56.4487;56.2446;56.2446;-0.36%
Jun 08, 2015;55.9969;56.2446;56.3661;55.6561;-0.44%
Jun 09, 2015;55.5456;55.9969;56.0968;55.545;-0.81%
Jun 10, 2015;54.3462;55.5456;55.5456;53.8349;-2.16%
Jun 11, 2015;54.7913;54.3462;54.9117;54.2326;0.82%
Jun 12, 2015;55.191;55.096;55.421;55;0.73%
Jun 15, 2015;54.5077;54.7913;55.5472;54.3634;-1.24%
Jun 16, 2015;53.7588;54.5077;54.5077;53.506;-1.37%
Jun 17, 2015;53.6084;53.7588;54.3192;53.5685;-0.28%
Jun 18, 2015;53.4641;53.6084;53.8667;53.0322;-0.27%
Jun 19, 2015;54.0064;53.4641;54.5398;53.4318;1.01%
Jun 22, 2015;53.9301;54.0064;54.084;53.3797;-0.14%
Jun 23, 2015;53.8511;53.9301;54.654;53.7952;-0.15%
Jun 24, 2015;54.4662;53.8511;54.6834;53.6866;1.14%
Jun 25, 2015;54.716;54.4662;54.9051;54.4662;0.46%
Jun 26, 2015;54.806;54.716;55.3008;54.7072;0.16%
Jun 29, 2015;55.7448;54.806;55.752;54.806;1.71%
Jun 30, 2015;55.2806;55.7448;55.9614;54.9901;-0.83%
Jul 01, 2015;55.8397;55.2806;55.845;55.2704;1.01%
Jul 02, 2015;55.5334;55.8397;55.9024;55.326;-0.55%
Jul 03, 2015;55.9773;55.5334;55.9892;55.4387;0.80%
Jul 06, 2015;56.8816;55.9773;56.9047;55.9773;1.62%
Jul 07, 2015;56.7309;56.8816;57.6765;56.4615;-0.26%
Jul 08, 2015;57.4966;56.7309;57.6143;56.7309;1.35%
Jul 09, 2015;57.1921;57.4966;57.4966;56.5614;-0.53%
Jul 10, 2015;56.3876;57.1921;57.1921;56.2059;-1.41%
Jul 13, 2015;56.541;56.3876;56.8354;56.3533;0.27%
Jul 14, 2015;56.4068;56.541;57.047;56.4001;-0.24%
Jul 15, 2015;56.952;56.4068;56.955;56.4068;0.97%
Jul 16, 2015;56.9496;56.952;57.0415;56.5042;0.00%
Jul 17, 2015;56.9669;56.9496;57.1005;56.7303;0.03%
Jul 20, 2015;56.9939;56.9669;57.0569;56.7288;0.05%
Jul 21, 2015;56.9346;56.9939;57.0879;56.7586;-0.10%
Jul 22, 2015;57.4359;56.9346;57.4977;56.9257;0.88%
Jul 23, 2015;57.8501;57.4359;57.9746;57.2864;0.72%
Jul 24, 2015;58.4299;57.8501;58.707;57.8501;1.00%
Jul 27, 2015;59.6501;58.4299;59.7979;58.3974;2.09%
Jul 28, 2015;60.0155;59.6501;60.7966;59.6501;0.61%
Jul 29, 2015;58.6778;60.0155;60.0307;58.5752;-2.23%
Jul 30, 2015;59.727;58.6778;59.8859;58.6778;1.79%
Jul 31, 2015;61.7417;59.727;61.7507;59.727;3.37%
Aug 03, 2015;63.5263;61.7417;63.5923;61.7417;2.89%
Aug 04, 2015;63.0518;63.5263;63.5263;62.4698;-0.75%
Aug 05, 2015;63.4619;63.0518;63.7956;62.5759;0.65%
Aug 06, 2015;64.0149;63.4619;64.5489;63.3631;0.87%
Aug 07, 2015;64.037;64.0149;64.6894;63.4633;0.03%
Aug 10, 2015;62.873;64.037;64.642;62.713;-1.82%
Aug 11, 2015;64.2719;62.873;64.5091;62.873;2.22%
Aug 12, 2015;64.2518;64.2719;65.2211;64.0837;-0.03%
Aug 13, 2015;64.6977;64.2518;65.0143;63.7682;0.69%
Aug 14, 2015;64.9938;64.6977;65.032;64.4253;0.46%
Aug 17, 2015;65.5;64.9938;65.7277;64.9938;0.78%
Aug 18, 2015;65.8717;65.5;65.9345;65.5;0.57%
Aug 19, 2015;66.6027;65.8717;66.605;65.5213;1.11%
Aug 20, 2015;67.9297;66.6027;68.0282;66.6027;1.99%
Aug 21, 2015;69.133;67.9297;69.2692;67.889;1.77%
Aug 24, 2015;70.8892;69.133;71.6014;69.133;2.54%
Aug 25, 2015;69.0514;70.8892;70.9434;68.163;-2.59%
Aug 26, 2015;68.9066;69.0514;69.9215;68.5516;-0.21%
Aug 27, 2015;66.0333;68.9066;68.9066;65.7936;-4.17%
Aug 28, 2015;65.423;66.0333;67.3563;64.8438;-0.92%
Aug 31, 2015;64.2768;65.423;67.3542;63.719;-1.75%
Sep 01, 2015;66.7987;64.2768;66.7998;64.2768;3.92%
Sep 02, 2015;67.0242;66.7987;67.897;66.3316;0.34%
Sep 03, 2015;67.193;67.0242;67.5788;66.185;0.25%
Sep 04, 2015;68.4838;67.193;68.5237;67.1248;1.92%
Sep 07, 2015;69.098;68.5238;69.2889;68.169;0.90%
Sep 08, 2015;67.9836;69.098;69.098;67.7114;-1.61%
Sep 09, 2015;68.481;67.9836;68.5568;67.3712;0.73%
Sep 10, 2015;67.7313;68.481;68.857;67.4669;-1.09%
Sep 11, 2015;67.9536;67.7313;68.2592;67.5586;0.33%
Sep 14, 2015;67.4673;67.9536;68.071;67.1828;-0.72%
Sep 15, 2015;66.705;67.4673;67.6323;66.5468;-1.13%
Sep 16, 2015;65.3293;66.705;66.705;64.9341;-2.06%
Sep 17, 2015;65.4154;65.3293;66.2119;64.9179;0.13%
Sep 18, 2015;66.5011;65.4154;66.61;65.3367;1.66%
Sep 21, 2015;66.0149;66.5011;66.5011;65.6858;-0.73%
Sep 22, 2015;66.0189;66.0149;66.7213;66.0002;0.01%
Sep 23, 2015;66.4069;66.0189;66.4988;65.5043;0.59%
Sep 24, 2015;66.0912;66.4069;66.7636;66.0418;-0.48%
Sep 25, 2015;65.5164;66.0912;66.0912;65.401;-0.87%
Sep 28, 2015;66.0784;65.5164;66.1702;65.3652;0.86%
Sep 29, 2015;65.7278;66.0784;66.3158;65.4347;-0.53%
Sep 30, 2015;65.4532;65.7278;65.9895;65.2533;-0.42%
Oct 01, 2015;65.6968;65.4532;65.8045;64.828;0.37%
Oct 02, 2015;66.0066;65.6968;66.6476;65.6535;0.47%
Oct 05, 2015;64.7771;66.0066;66.0066;64.555;-1.86%
Oct 06, 2015;63.3639;64.7771;65.2542;63.3639;-2.18%
Oct 07, 2015;62.6657;63.3639;63.3639;61.8904;-1.10%
Oct 08, 2015;61.369;62.6657;62.6713;61.3145;-2.07%
Oct 09, 2015;61.811;61.369;61.8165;60.8451;0.72%
Oct 12, 2015;62.273;61.811;62.5273;60.9255;0.75%
Oct 13, 2015;63.0786;62.273;63.1833;62.0512;1.29%
Oct 14, 2015;62.6939;63.0786;63.279;62.5463;-0.61%
Oct 15, 2015;61.3889;62.6939;62.6939;61.3889;-2.08%
Oct 16, 2015;61.2708;61.3889;62.0962;61.1354;-0.19%
Oct 19, 2015;62.2839;61.2708;62.418;61.2041;1.65%
Oct 20, 2015;62.11;62.2839;62.3609;61.6853;-0.28%
Oct 21, 2015;63.0471;62.11;63.1366;62.11;1.51%
Oct 22, 2015;62.5961;63.0471;63.0471;62.3963;-0.72%
Oct 23, 2015;62.3638;62.5961;62.5961;61.679;-0.37%
Oct 26, 2015;63.0122;62.3638;63.025;62.1252;1.04%
Oct 27, 2015;64.9247;63.0122;65.1379;63.0122;3.04%
Oct 28, 2015;63.9391;64.9247;65.4832;63.3944;-1.52%
Oct 29, 2015;64.4008;63.9391;64.6772;63.7469;0.72%
Oct 30, 2015;63.9454;64.4008;64.6454;63.488;-0.71%
Nov 02, 2015;63.6481;63.9454;64.3969;63.6097;-0.46%
Nov 03, 2015;62.5868;63.6481;64.0741;62.3561;-1.67%
Nov 04, 2015;63.201;62.535;63.349;62.04;0.98%
Nov 05, 2015;63.4329;62.5868;63.566;62.5868;0.37%
Nov 06, 2015;64.5929;63.4329;64.8049;63.4316;1.83%
Nov 09, 2015;64.5941;64.5929;64.8587;64.1859;0.00%
Nov 10, 2015;64.581;64.5941;64.7355;64.1047;-0.02%
Nov 11, 2015;65.4366;64.581;65.4844;64.3881;1.32%
Nov 12, 2015;66.6271;65.4366;66.6466;65.3014;1.82%
Nov 13, 2015;66.7624;66.6271;66.9866;66.3384;0.20%
Nov 16, 2015;65.2988;66.7624;66.7624;65.2235;-2.19%
Nov 17, 2015;65.1463;65.2988;65.7457;64.6339;-0.23%
Nov 18, 2015;64.7599;65.1463;65.4923;64.5605;-0.59%
Nov 19, 2015;64.6114;64.7599;65.1386;64.3897;-0.23%
Nov 20, 2015;64.7672;64.6114;65.0297;64.3398;0.24%
Nov 23, 2015;65.8628;64.7672;66.2206;64.7672;1.69%
Nov 24, 2015;65.4144;65.8628;66.4294;65.2108;-0.68%
Nov 25, 2015;65.5334;65.4144;66.0605;65.3097;0.18%
Nov 26, 2015;65.8419;65.5334;65.9848;65.5269;0.47%
Nov 27, 2015;66.4697;65.8419;66.4786;65.8419;0.95%
Nov 30, 2015;66.4888;66.4697;66.8801;65.8683;0.03%
Dec 01, 2015;66.6126;66.4888;66.8737;66.0833;0.19%
Dec 02, 2015;67.4841;66.6126;67.4841;66.6067;1.31%
Dec 03, 2015;67.5188;67.4841;68.1667;67.481;0.05%
Dec 04, 2015;68.1246;67.5188;68.2787;67.249;0.90%
Dec 07, 2015;69.4916;68.1246;69.4987;68.1246;2.01%
Dec 08, 2015;69.4666;69.4916;69.9178;69.0468;-0.04%
Dec 09, 2015;69.3606;69.4666;69.6403;68.7477;-0.15%
Dec 10, 2015;69.1318;69.3606;69.3606;68.6303;-0.33%
Dec 11, 2015;70.3518;69.1318;70.493;69.0778;1.76%
Dec 14, 2015;70.5657;70.3518;71.1841;70.0577;0.30%
Dec 15, 2015;69.9483;70.5657;71.0249;69.664;-0.87%
Dec 16, 2015;70.3862;69.9483;70.5856;69.837;0.63%
Dec 17, 2015;71.177;70.3862;71.1782;70.3084;1.12%
Dec 18, 2015;70.9601;71.177;71.4344;70.5325;-0.30%
Dec 21, 2015;71.2254;70.9601;71.3771;70.9601;0.37%
Dec 22, 2015;71.245;71.2254;71.3095;70.9943;0.03%
Dec 23, 2015;69.6966;71.245;71.245;69.643;-2.17%
Dec 24, 2015;70.2508;69.6966;70.7539;69.3305;0.80%
Dec 25, 2015;70.667;70.2508;70.7986;70.0394;0.59%
Dec 28, 2015;72.2113;70.667;72.4428;70.3983;2.19%
Dec 29, 2015;72.2122;72.2113;72.8325;71.8976;0.00%
Dec 30, 2015;73.5963;72.2122;73.6222;72.2122;1.92%
Dec 31, 2015;72.999;73.23;74.37;72.753;-0.81%
Jan 01, 2016;73;72.88;73;72.88;0.00%
Jan 04, 2016;73.1655;73.5963;73.5963;72.6455;0.23%
Jan 05, 2016;73.326;73.1655;73.5432;72.7952;0.22%
Jan 06, 2016;74.7623;73.326;75.0218;73.313;1.96%
Jan 07, 2016;75.1;74.6;76.17;74.072;0.45%
Jan 08, 2016;74.805;74.81;75.31;73.51;-0.39%
Jan 11, 2016;76.2;74.7623;76.4054;74.7623;1.86%
Jan 12, 2016;77.0394;76.2;77.2297;75.9207;1.10%
Jan 13, 2016;76.6724;77.0394;77.0394;75.7597;-0.48%
Jan 14, 2016;76.0647;76.6724;77.0304;76.064;-0.79%
Jan 15, 2016;77.6411;76.0647;77.9347;76.0647;2.07%
Jan 18, 2016;79.2942;77.6411;79.3984;77.6411;2.13%
Jan 19, 2016;78.5908;79.2942;79.2942;78.1013;-0.89%
Jan 20, 2016;81.3906;78.5908;82.4411;78.5908;3.56%
Jan 21, 2016;82.6813;81.3906;85.752;81.3906;1.59%
Jan 22, 2016;78.045;82.6813;82.6813;77.9909;-5.61%
Jan 25, 2016;80.0649;78.045;80.1057;76.7135;2.59%
Jan 26, 2016;78.3342;80.0649;82.2142;77.7454;-2.16%
Jan 27, 2016;77.6556;78.3342;79.4477;76.954;-0.87%
Jan 28, 2016;76.3787;77.6556;77.8664;75.5062;-1.64%
Jan 29, 2016;75.4644;76.3787;76.3787;74.6083;-1.20%
Feb 01, 2016;77.3094;75.4644;77.4449;75.4273;2.44%
Feb 02, 2016;79.7542;77.3094;79.7549;77.3094;3.16%
Feb 03, 2016;76.8869;79.7542;79.828;76.7034;-3.60%
Feb 04, 2016;76.908;76.8869;77.2215;75.607;0.03%
Feb 05, 2016;77.4872;76.908;77.6979;76.4612;0.75%
Feb 08, 2016;78.5509;77.4872;79.0665;76.4422;1.37%
Feb 09, 2016;79.7087;78.5509;79.9399;78.1013;1.47%
Feb 10, 2016;78.6429;79.7087;79.7087;77.755;-1.34%
Feb 11, 2016;79.5917;78.6429;80.6;78.6429;1.21%
Feb 12, 2016;78.3558;79.5917;79.7666;78.1602;-1.55%
Feb 15, 2016;76.9807;78.3558;78.3558;76.9176;-1.75%
Feb 16, 2016;77.8876;76.9807;78.1027;75.9297;1.18%
Feb 17, 2016;75.04;77.8876;78.2768;74.6985;-3.66%
Feb 18, 2016;76.4278;75.04;76.4919;74.9552;1.85%
Feb 19, 2016;76.9937;76.4278;77.8704;76.0642;0.74%
Feb 20, 2016;77.0453;76.9937;77.2625;76.5269;0.07%
Feb 22, 2016;75.3462;77.0453;77.0453;74.9729;-2.21%
Feb 24, 2016;75.7421;75.3462;77.5512;75.3462;0.53%
Feb 25, 2016;75.3641;75.7421;76.6408;75.1921;-0.50%
Feb 26, 2016;76.1883;75.3641;76.4086;74.5206;1.09%
Feb 29, 2016;75.1682;76.1883;76.2819;74.894;-1.34%
Mar 01, 2016;73.3731;75.1682;75.1682;73.1891;-2.39%
Mar 02, 2016;73.0278;73.3731;74.2113;73.0229;-0.47%
Mar 03, 2016;73.162;73.0278;74.0648;72.9079;0.18%
Mar 04, 2016;72.0326;73.162;73.4294;71.7577;-1.54%
Mar 07, 2016;71.4779;72.0326;72.2449;71.139;-0.77%
Mar 09, 2016;71.1102;71.4779;72.6582;70.7696;-0.51%
Mar 10, 2016;71.4291;71.1102;71.8797;69.9767;0.45%
Mar 11, 2016;69.9192;71.4291;71.455;69.4782;-2.11%
Mar 14, 2016;69.9772;69.9192;70.9539;69.6951;0.08%
Mar 15, 2016;71.0474;69.9772;71.3575;69.96;1.53%
Mar 16, 2016;69.1734;71.0474;71.2303;69.1299;-2.64%
Mar 17, 2016;68.0758;69.1734;69.1734;67.9606;-1.59%
Mar 18, 2016;68.3703;68.0758;68.7043;67.3026;0.43%
Mar 21, 2016;67.8348;68.3703;69.1166;67.5203;-0.78%
Mar 22, 2016;67.4914;67.8348;68.2374;67.2028;-0.51%
Mar 23, 2016;68.7234;67.4914;68.7516;67.4486;1.83%
Mar 24, 2016;68.5601;68.7234;69.6384;68.2878;-0.24%
Mar 25, 2016;68.447;68.5601;68.6763;67.8344;-0.16%
Mar 28, 2016;68.5128;68.447;68.6343;67.6303;0.10%
Mar 29, 2016;68.0899;68.5128;69.2061;67.9979;-0.62%
Mar 30, 2016;68.244;68.0899;68.3549;67.2004;0.23%
Mar 31, 2016;67.0288;68.244;68.244;66.717;-1.78%
Apr 01, 2016;67.5855;67.0288;68.3415;66.9732;0.83%
Apr 04, 2016;68.7464;67.5855;68.8977;67.5855;1.72%
Apr 05, 2016;68.5667;68.7464;69.4728;68.5532;-0.26%
Apr 06, 2016;67.6066;68.5667;68.8383;67.5494;-1.40%
Apr 07, 2016;67.9942;67.6066;68.3897;67.5926;0.57%
Apr 08, 2016;67.1262;67.9942;68.028;66.938;-1.28%
Apr 11, 2016;66.7928;67.1262;67.3458;66.4431;-0.50%
Apr 12, 2016;65.7183;66.7928;66.7934;65.1861;-1.61%
Apr 13, 2016;66.2975;65.7183;66.3498;65.2662;0.88%
Apr 14, 2016;66.1361;66.2975;66.6288;65.7911;-0.24%
Apr 15, 2016;66.405;66.1361;66.6195;65.8905;0.41%
Apr 18, 2016;66.0847;66.405;68.7618;66.0639;-0.48%
Apr 19, 2016;65.8547;66.0847;66.2667;65.4436;-0.35%
Apr 20, 2016;65.1893;65.8547;66.455;65.1306;-1.01%
Apr 21, 2016;66.8337;65.1893;66.9278;64.659;2.52%
Apr 22, 2016;66.4792;66.8337;66.8415;65.5662;-0.53%
Apr 25, 2016;66.5674;66.4792;66.8296;65.9043;0.13%
Apr 26, 2016;65.1825;66.5674;66.6394;65.1825;-2.08%
Apr 27, 2016;65.1325;65.1825;65.9594;64.99;-0.08%
Apr 28, 2016;64.701;65.1325;65.3006;64.1955;-0.66%
Apr 29, 2016;64.6542;64.701;64.8679;64.0046;-0.07%
May 04, 2016;66.5318;64.6542;66.7081;64.63;2.90%
May 05, 2016;65.8616;66.5318;66.532;65.2283;-1.01%
May 06, 2016;65.947;65.8616;66.5885;65.5606;0.13%
May 10, 2016;66.2856;65.947;66.6454;65.9448;0.51%
May 11, 2016;64.9921;66.2856;66.3617;64.9149;-1.95%
May 12, 2016;64.8982;64.9921;65.5186;64.5847;-0.14%
May 13, 2016;65.4546;64.8982;65.5521;64.757;0.86%
May 16, 2016;64.8914;65.4546;65.48;64.6168;-0.86%
May 17, 2016;64.7376;64.8914;65.0594;64.4075;-0.24%
May 18, 2016;65.9901;64.7376;66.0711;64.7376;1.93%
May 19, 2016;66.779;65.9901;67.3038;65.9901;1.20%
May 20, 2016;66.7833;66.779;66.9421;66.2872;0.01%
May 23, 2016;66.826;66.7833;67.2054;66.7605;0.06%
May 24, 2016;66.1799;66.826;67.1144;66.1112;-0.97%
May 25, 2016;65.4961;66.1799;66.184;65.3586;-1.03%
May 26, 2016;65.8146;65.4961;65.8657;65.046;0.49%
May 27, 2016;66.1168;65.8146;66.3914;65.8031;0.46%
May 30, 2016;65.7944;66.1168;66.2034;65.6265;-0.49%
May 31, 2016;66.6968;65.7944;66.9379;65.777;1.37%
Jun 01, 2016;67.1015;66.6968;67.3133;66.53;0.61%
Jun 02, 2016;66.972;67.1015;67.6776;66.629;-0.19%
Jun 03, 2016;65.6149;66.972;67.155;65.6119;-2.03%
Jun 06, 2016;65.2693;65.6149;65.9693;65.1336;-0.53%
Jun 07, 2016;64.6133;65.2693;65.4205;64.5308;-1.01%
Jun 08, 2016;63.6131;64.6133;64.7897;63.514;-1.55%
Jun 09, 2016;64.3363;63.6131;64.4698;63.4277;1.14%
Jun 10, 2016;65.2705;64.3363;65.3745;64.1587;1.45%
Jun 14, 2016;66.1385;65.2705;66.2955;65.2705;1.33%
Jun 15, 2016;65.5585;66.1385;66.141;65.1129;-0.88%
Jun 16, 2016;65.7658;65.5585;66.0775;65.3638;0.32%
Jun 17, 2016;64.8461;65.7658;65.78;64.7083;-1.40%
Jun 20, 2016;64.2835;64.8461;64.85;63.7788;-0.87%
Jun 21, 2016;63.7824;64.2835;64.4552;63.7611;-0.78%
Jun 22, 2016;64.8807;63.7824;65.1308;63.5336;1.72%
Jun 23, 2016;63.83;64.8807;64.89;63.7707;-1.62%
Jun 24, 2016;65.2733;63.83;65.808;63.83;2.26%
Jun 27, 2016;65.4441;65.2733;65.6438;64.8356;0.26%
Jun 28, 2016;64.078;65.4441;65.4441;64.0064;-2.09%
Jun 29, 2016;63.8232;64.078;64.4664;63.62;-0.40%
Jun 30, 2016;63.9731;63.8232;64.4104;63.7557;0.23%
Jul 01, 2016;63.804;63.9731;64.2542;63.8027;-0.26%
Jul 04, 2016;63.9291;63.804;63.9993;63.5498;0.20%
Jul 05, 2016;64.3284;63.9291;64.6633;63.9291;0.62%
Jul 06, 2016;64.2031;64.3284;64.8014;64.1872;-0.19%
Jul 07, 2016;64.5625;64.2031;64.7475;63.7443;0.56%
Jul 08, 2016;63.9669;64.5625;64.5625;63.7397;-0.92%
Jul 11, 2016;64.1963;63.9669;64.3004;63.9669;0.36%
Jul 12, 2016;63.8928;64.1963;64.2007;63.7366;-0.47%
Jul 13, 2016;63.8403;63.8928;64.056;63.6929;-0.08%
Jul 14, 2016;62.8268;63.8403;63.85;62.7597;-1.59%
Jul 15, 2016;63.5079;62.8268;63.5083;62.8268;1.08%
Jul 18, 2016;62.8635;63.5079;63.51;62.7983;-1.01%
Jul 19, 2016;63.5394;62.8635;63.741;62.8169;1.08%
Jul 20, 2016;63.7773;63.5394;63.9063;63.1592;0.37%
Jul 21, 2016;64.3803;63.7773;64.4103;63.5725;0.95%
Jul 22, 2016;64.8689;64.3803;64.9704;64.3511;0.76%
Jul 25, 2016;65.4183;64.9526;65.5435;64.8128;0.85%
Jul 26, 2016;65.9448;65.4183;66.5316;65.4183;0.80%
Jul 27, 2016;65.9353;65.9448;66.4395;65.7185;-0.01%
Jul 28, 2016;66.6038;65.9353;66.7525;65.9323;1.01%
Jul 29, 2016;66.0429;66.6038;67.1548;65.9216;-0.84%
Aug 01, 2016;66.9005;66.0429;66.9603;65.8378;1.30%
Aug 02, 2016;66.6682;66.9005;67.0185;66.0383;-0.35%
Aug 03, 2016;66.2634;66.6682;67.0023;66.1599;-0.61%
Aug 04, 2016;65.7809;66.2634;66.5414;65.6148;-0.73%
Aug 05, 2016;65.5352;65.7809;65.8615;65.0083;-0.37%
Aug 08, 2016;64.6274;65.5352;65.5475;64.4572;-1.39%
Aug 09, 2016;64.773;64.6274;65.1137;64.525;0.23%
Aug 10, 2016;64.87;64.773;64.9241;64.1804;0.15%
Aug 11, 2016;64.3135;64.87;65.0391;64.1467;-0.86%
Aug 12, 2016;64.764;64.3135;64.9895;64.106;0.70%
Aug 15, 2016;64.0429;64.764;64.764;63.91;-1.11%
Aug 16, 2016;63.7823;64.0429;64.1748;63.5655;-0.41%
Aug 17, 2016;63.8325;63.7823;64.3276;63.775;0.08%
Aug 18, 2016;63.6637;63.8325;64.1642;63.4193;-0.26%
Aug 19, 2016;63.906;63.6637;64.1057;63.6039;0.38%
Aug 22, 2016;64.8112;63.906;64.8169;63.9;1.42%
Aug 23, 2016;64.5946;64.8112;64.8753;64.2965;-0.33%
Aug 24, 2016;65.1602;64.5946;65.3118;64.5946;0.88%
Aug 25, 2016;64.6825;65.1602;65.17;64.5815;-0.73%
Aug 26, 2016;64.8556;64.6825;64.976;64.2468;0.27%
Aug 29, 2016;64.7624;64.8556;65.1675;64.7414;-0.14%
Aug 30, 2016;65.2607;64.7624;65.333;64.75;0.77%
Aug 31, 2016;65.3317;65.2607;65.4364;65.1311;0.11%
Sep 01, 2016;65.9177;65.3317;65.9735;65.1731;0.90%
Sep 02, 2016;65.0975;65.9177;65.9487;65.0058;-1.24%
Sep 05, 2016;65.0742;65.0975;65.15;64.5238;-0.04%
Sep 06, 2016;64.5645;65.0742;65.08;64.4115;-0.78%
Sep 07, 2016;64.1378;64.5645;64.5926;64.1378;-0.66%
Sep 08, 2016;63.9808;64.1378;64.1378;63.5869;-0.24%
Sep 09, 2016;64.8199;63.9808;64.8256;63.9808;1.31%
Sep 12, 2016;64.5918;64.8199;65.2975;64.448;-0.35%
Sep 13, 2016;65.2994;64.5918;65.4609;64.5875;1.10%
Sep 14, 2016;65.1533;65.2994;65.2999;64.8256;-0.22%
Sep 15, 2016;64.7683;65.1533;65.3491;64.6828;-0.59%
Sep 16, 2016;65.1138;64.7683;65.2405;64.7668;0.53%
Sep 19, 2016;64.6569;65.1138;65.12;64.3964;-0.70%
Sep 20, 2016;64.7819;64.6569;65.0092;64.5943;0.19%
Sep 21, 2016;63.8353;64.7819;64.7819;63.7993;-1.46%
Sep 22, 2016;63.6999;63.8353;63.9582;63.5091;-0.21%
Sep 23, 2016;64.0518;63.6999;64.11;63.3916;0.55%
Sep 26, 2016;63.9264;64.0518;64.2594;63.5984;-0.20%
Sep 27, 2016;63.856;63.9264;64.082;63.579;-0.11%
Sep 28, 2016;63.0129;63.856;64.0814;63.0129;-1.32%
Sep 29, 2016;63.0892;63.0129;63.3583;62.9005;0.12%
Sep 30, 2016;62.8343;63.0892;63.4985;62.6585;-0.40%
Oct 03, 2016;62.2769;62.8343;62.8343;62.161;-0.89%
Oct 04, 2016;62.6713;62.2769;62.85;62.2769;0.63%
Oct 05, 2016;62.4194;62.6713;62.6713;62.3021;-0.40%
Oct 06, 2016;62.0861;62.4194;62.4528;62.0819;-0.53%
Oct 07, 2016;62.2051;62.0861;62.5221;61.9758;0.19%
Oct 10, 2016;61.9853;62.2051;62.5152;61.851;-0.35%
Oct 11, 2016;62.67;61.9853;62.8674;61.9853;1.10%
Oct 12, 2016;63.0037;62.67;63.1453;62.4951;0.53%
Oct 13, 2016;63.0334;63.0037;63.4921;62.9045;0.05%
Oct 14, 2016;62.9718;63.0334;63.0555;62.8126;-0.10%
Oct 17, 2016;63.1094;62.9718;63.2115;62.7482;0.22%
Oct 18, 2016;62.8137;63.1094;63.1104;62.797;-0.47%
Oct 19, 2016;62.2943;62.8137;62.8137;62.2004;-0.83%
Oct 20, 2016;62.486;62.2943;62.4973;62.2693;0.31%
Oct 21, 2016;62.3778;62.486;62.5478;62.2308;-0.17%
Oct 24, 2016;62.1881;62.3778;62.3969;62.1315;-0.30%
Oct 25, 2016;62.2667;62.1881;62.2729;61.9508;0.13%
Oct 26, 2016;62.8987;62.2667;62.9948;62.1909;1.01%
Oct 27, 2016;62.7163;62.8987;63.2185;62.5986;-0.29%
Oct 28, 2016;63.0059;62.7163;63.121;62.7025;0.46%
Oct 31, 2016;63.3823;63.0059;63.456;63.0059;0.60%
Nov 01, 2016;63.3208;63.3823;63.3823;62.9151;-0.10%
Nov 02, 2016;63.5101;63.3208;63.8343;63.32;0.30%
Nov 03, 2016;63.5806;63.5101;63.8153;63.4546;0.11%
Nov 07, 2016;63.638;63.58;63.9646;63.5589;0.09%
Nov 08, 2016;63.7595;63.638;63.8395;63.6377;0.19%
Nov 09, 2016;63.8751;63.7595;64.0953;63.2526;0.18%
Nov 10, 2016;65.4926;63.8751;65.5511;63.2876;2.53%
Nov 11, 2016;65.7592;65.4926;66.2933;65.064;0.41%
Nov 14, 2016;66.0222;65.7592;66.4812;65.715;0.40%
Nov 15, 2016;64.1741;66.0222;66.0325;64.1734;-2.80%
Nov 16, 2016;64.7795;64.1741;65.558;64.0947;0.94%
Nov 17, 2016;64.8285;64.7795;65.0836;64.3081;0.08%
Nov 18, 2016;64.6963;64.8285;65.3016;64.5045;-0.20%
Nov 21, 2016;63.9144;64.6963;64.7025;63.8836;-1.21%
Nov 22, 2016;63.7645;63.9144;64.1155;63.4926;-0.23%
Nov 23, 2016;64.4667;63.7645;64.9435;63.75;1.10%
Nov 24, 2016;64.4829;64.4667;64.7897;64.3038;0.03%
Nov 25, 2016;64.9468;64.4829;64.9725;64.3198;0.72%
Nov 28, 2016;64.8383;64.9468;65.1904;64.5596;-0.17%
Nov 29, 2016;65.0979;64.8383;65.4947;64.8365;0.40%
Nov 30, 2016;64.142;65.0979;65.3806;63.9895;-1.47%
Dec 01, 2016;63.9759;64.142;64.1759;63.5113;-0.26%
Dec 02, 2016;63.882;63.9759;64.344;63.7608;-0.15%
Dec 05, 2016;63.8175;63.882;64.0514;63.5144;-0.10%
Dec 06, 2016;63.8785;63.8175;63.9762;63.6647;0.10%
Dec 07, 2016;63.2054;63.8785;63.9822;63.1593;-1.05%
Dec 08, 2016;63.2743;63.2054;63.5253;63.2054;0.11%
Dec 09, 2016;62.4933;63.2743;63.3898;62.2198;-1.23%
Dec 12, 2016;61.0442;62.4933;62.4933;60.7425;-2.32%
Dec 13, 2016;60.6029;61.0442;61.309;60.4866;-0.72%
Dec 14, 2016;62.0812;60.6029;62.0812;60.6029;2.44%
Dec 15, 2016;61.731;62.0812;62.1;61.3477;-0.56%
Dec 16, 2016;62.0946;61.731;62.5001;61.4703;0.59%
Dec 19, 2016;61.9306;62.0946;62.0946;61.6666;-0.26%
Dec 20, 2016;61.4518;61.9306;62.0003;61.3298;-0.77%
Dec 21, 2016;61.15;61.4518;61.46;60.8764;-0.49%
Dec 22, 2016;60.9426;61.15;61.1675;60.7031;-0.34%
Dec 23, 2016;61.0564;60.9426;61.3663;60.7853;0.19%
Dec 26, 2016;60.9777;61.0564;61.073;60.7822;-0.13%
Dec 27, 2016;60.6708;60.9777;60.9785;60.5988;-0.50%
Dec 28, 2016;60.3297;60.6708;60.7392;60.1189;-0.56%
Dec 29, 2016;60.4138;60.3297;60.7955;60.1232;0.14%
Dec 30, 2016;61.273;60.4138;61.6339;60.4119;1.42%
Jan 03, 2017;60.9133;61.273;61.2865;60.3808;-0.59%
Jan 04, 2017;60.4653;60.9133;61.1962;60.2536;-0.74%
Jan 05, 2017;59.4481;60.4653;60.4653;59.2225;-1.68%
Jan 06, 2017;59.6046;59.4481;59.7457;59.1128;0.26%
Jan 09, 2017;60.0788;59.6046;60.086;59.6046;0.80%
Jan 10, 2017;60.1636;60.0788;60.2796;59.8279;0.14%
Jan 11, 2017;59.7256;60.1636;60.6617;59.4947;-0.73%
Jan 12, 2017;59.3491;59.7256;59.7475;59.0954;-0.63%
Jan 13, 2017;59.6869;59.3491;59.8298;59.2707;0.57%
Jan 16, 2017;59.8588;59.6869;59.9415;59.4971;0.29%
Jan 17, 2017;59.4025;59.8588;59.87;58.9786;-0.76%
Jan 18, 2017;59.5544;59.4025;59.5545;59.0469;0.26%
Jan 19, 2017;59.7304;59.5544;60.248;59.2077;0.30%
Jan 20, 2017;59.7521;59.7304;59.9403;59.5923;0.04%
Jan 23, 2017;59.5022;59.7521;59.755;59.311;-0.42%
Jan 24, 2017;59.2511;59.5022;59.5175;59.0935;-0.42%
Jan 25, 2017;59.5145;59.2511;59.6519;59.0756;0.44%
Jan 26, 2017;60.4317;59.5145;60.5662;59.4055;1.54%
Jan 27, 2017;59.8178;60.4317;60.4465;59.5702;-1.02%
Jan 30, 2017;59.9332;59.8178;60.2714;59.8178;0.19%
Jan 31, 2017;60.1589;59.9332;60.2301;59.8857;0.38%
Feb 01, 2017;60.128;60.1589;60.3979;60.0625;-0.05%
Feb 02, 2017;59.4117;60.128;60.1325;58.8479;-1.19%
Feb 03, 2017;58.9824;59.4117;59.5969;58.776;-0.72%
Feb 06, 2017;58.903;58.9824;59.0886;58.5945;-0.13%
Feb 07, 2017;59.3378;58.903;59.4891;58.8981;0.74%
Feb 08, 2017;59.2323;59.3378;59.5999;59.0993;-0.18%
Feb 09, 2017;58.96;59.2323;59.2323;58.699;-0.46%
Feb 10, 2017;58.2219;58.96;58.9619;58.2166;-1.25%
Feb 13, 2017;57.9851;58.2219;58.2469;57.8578;-0.41%
Feb 14, 2017;57.1288;57.9851;57.986;57.1017;-1.48%
Feb 15, 2017;57.2565;57.1288;57.8502;56.5701;0.22%
Feb 16, 2017;57.5993;57.2565;57.6585;57.0218;0.60%
Feb 17, 2017;58.427;57.5993;58.5461;57.4947;1.44%
Feb 20, 2017;57.9656;58.427;58.427;57.9208;-0.79%
Feb 21, 2017;57.4153;57.9656;58.0355;57.4135;-0.95%
Feb 22, 2017;58.0668;57.4153;58.1511;57.3144;1.13%
Feb 24, 2017;58.4175;58.0668;58.546;57.7886;0.60%
Feb 27, 2017;58.0784;58.4175;58.4175;57.5946;-0.58%
Feb 28, 2017;58.3058;58.0784;58.4958;57.8319;0.39%
Mar 01, 2017;58.2831;58.3058;58.5793;57.9983;-0.04%
Mar 02, 2017;58.8302;58.2831;58.8597;58.27;0.94%
Mar 03, 2017;58.2217;58.8302;58.9954;58.1436;-1.03%
Mar 06, 2017;58.2036;58.2217;58.4334;57.9446;-0.03%
Mar 07, 2017;58.1777;58.2036;58.3636;57.8983;-0.04%
Mar 09, 2017;59.2998;58.1777;59.4921;58.1777;1.93%
Mar 10, 2017;58.9965;59.2998;59.3175;58.724;-0.51%
Mar 13, 2017;58.7928;58.9965;59.2166;58.7725;-0.35%
Mar 14, 2017;59.1627;58.7928;59.6053;58.7725;0.63%
Mar 15, 2017;58.396;59.1627;59.2051;58.3908;-1.30%
Mar 16, 2017;57.7819;58.396;58.4995;57.6398;-1.05%
Mar 17, 2017;57.2234;57.7819;58.0353;57.1682;-0.97%
Mar 20, 2017;57.2987;57.2234;57.6304;57.1944;0.13%
Mar 21, 2017;57.698;57.2987;57.6994;57.0081;0.70%
Mar 22, 2017;57.7887;57.698;58.1999;57.5705;0.16%
Mar 23, 2017;57.4353;57.7887;57.7887;57.34;-0.61%
Mar 24, 2017;56.8904;57.4353;57.4897;56.889;-0.95%
Mar 27, 2017;56.9101;56.8904;57.2148;56.7447;0.03%
Mar 28, 2017;57.0335;56.9101;57.1825;56.8288;0.22%
Mar 29, 2017;56.6068;57.0335;57.1397;56.5803;-0.75%
Mar 30, 2017;56.0929;56.6068;56.6188;55.922;-0.91%
Mar 31, 2017;56.2665;56.0929;56.5223;55.8808;0.31%
Apr 03, 2017;56.083;56.2665;56.4578;55.9455;-0.33%
Apr 04, 2017;56.0787;56.083;56.6985;56.0493;-0.01%
Apr 05, 2017;56.379;56.0787;56.3978;55.8088;0.54%
Apr 06, 2017;56.3955;56.379;56.5688;56.184;0.03%
Apr 07, 2017;57.248;56.3955;57.255;56.3955;1.51%
Apr 10, 2017;57.1778;57.248;57.5506;57.0848;-0.12%
Apr 11, 2017;56.9215;57.1778;57.1778;56.825;-0.45%
Apr 12, 2017;56.6023;56.9215;57.1306;56.5467;-0.56%
Apr 13, 2017;56.2679;56.6023;56.6495;56.171;-0.59%
Apr 14, 2017;56.3578;56.2679;56.3883;56.0979;0.16%
Apr 17, 2017;55.9267;56.3578;56.3625;55.9065;-0.76%
Apr 18, 2017;56.2408;55.9267;56.2416;55.8661;0.56%
Apr 19, 2017;56.5833;56.2408;56.7334;56.0687;0.61%
Apr 20, 2017;56.2073;56.5833;56.5833;56.1039;-0.66%
Apr 21, 2017;56.4576;56.2073;56.59;56.066;0.45%
Apr 24, 2017;55.8438;56.4576;56.4613;55.7253;-1.09%
Apr 25, 2017;56.1574;55.8438;56.2288;55.7498;0.56%
Apr 26, 2017;57.1535;56.1574;57.1535;56.1574;1.77%
Apr 27, 2017;56.9705;57.1535;57.2628;56.7246;-0.32%
Apr 28, 2017;56.9311;56.9705;57.1156;56.6332;-0.07%
May 02, 2017;57.0137;56.9311;57.16;56.8595;0.15%
May 03, 2017;57.3911;57.0137;57.3934;57;0.66%
May 04, 2017;58.3694;57.3911;58.458;57.3911;1.70%
May 05, 2017;57.9436;58.3694;58.8033;57.9291;-0.73%
May 10, 2017;57.4522;57.9436;58.3487;57.4113;-0.85%
May 11, 2017;57.0558;57.4522;57.4522;56.936;-0.69%
May 12, 2017;57.0974;57.0558;57.336;57.0013;0.07%
May 15, 2017;56.352;57.0974;57.0974;56.2318;-1.31%
May 16, 2017;56.5699;56.352;56.5699;56.1954;0.39%
May 17, 2017;57.0978;56.5699;57.0985;56.5669;0.93%
May 18, 2017;57.5828;57.0978;58.1179;57.0978;0.85%
May 19, 2017;56.9264;57.5828;57.5836;56.6623;-1.14%
May 22, 2017;56.6293;56.9264;56.9264;56.412;-0.52%
May 23, 2017;56.3695;56.6293;56.7062;56.2283;-0.46%
May 24, 2017;56.4127;56.3695;56.5718;56.2238;0.08%
May 25, 2017;56.9672;56.4127;57.0174;56.0007;0.98%
May 26, 2017;56.5203;56.9672;57.0016;56.4914;-0.78%
May 29, 2017;56.4855;56.5203;56.8079;56.2943;-0.06%
May 30, 2017;56.5497;56.4855;56.786;56.4553;0.11%
May 31, 2017;56.5617;56.5497;56.9338;56.54;0.02%
Jun 01, 2017;56.3983;56.5617;56.7053;56.1125;-0.29%
Jun 02, 2017;56.6453;56.3983;56.8405;56.385;0.44%
Jun 05, 2017;56.6103;56.6453;56.74;56.4881;-0.06%
Jun 06, 2017;56.5353;56.6103;56.7641;56.4212;-0.13%
Jun 07, 2017;57.0911;56.5353;57.1621;56.508;0.98%
Jun 08, 2017;56.9048;57.0911;57.1124;56.8213;-0.33%
Jun 09, 2017;57.0237;56.9048;57.0378;56.9048;0.21%
Jun 13, 2017;56.9845;57.0237;57.03;56.8358;-0.07%
Jun 14, 2017;57.4307;56.9845;57.5461;56.8392;0.78%
Jun 15, 2017;57.8743;57.4307;57.8875;57.3269;0.77%
Jun 16, 2017;57.779;57.8743;57.89;57.4375;-0.16%
Jun 19, 2017;58.4527;57.779;58.4727;57.6915;1.17%
Jun 20, 2017;59.62;58.4527;59.7619;58.4041;2.00%
Jun 21, 2017;60.3063;59.62;60.4192;59.3409;1.15%
Jun 22, 2017;59.946;60.3063;60.3743;59.6603;-0.60%
Jun 23, 2017;59.395;59.946;59.9675;59.3595;-0.92%
Jun 26, 2017;58.7853;59.395;59.395;58.7815;-1.03%
Jun 27, 2017;59.4894;58.7853;59.4894;58.6671;1.20%
Jun 28, 2017;59.2004;59.4894;59.8825;59.2003;-0.49%
Jun 29, 2017;59.4146;59.2004;59.5745;58.9164;0.36%
Jun 30, 2017;58.9401;59.4146;59.5184;58.8703;-0.80%
Jul 03, 2017;59.284;58.9401;59.4635;58.8083;0.58%
Jul 04, 2017;59.4093;59.284;59.45;59.149;0.21%
Jul 05, 2017;59.9993;59.4093;60.2416;59.3157;0.99%
Jul 06, 2017;60.1558;59.9993;60.4011;59.7753;0.26%
Jul 07, 2017;60.361;60.1558;60.6085;60.1558;0.34%
Jul 10, 2017;60.2273;60.361;60.5332;60.2031;-0.22%
Jul 11, 2017;60.7255;60.2273;60.9884;60.2273;0.83%
Jul 12, 2017;59.9962;60.7255;60.7255;59.9013;-1.20%
Jul 13, 2017;59.8363;59.9962;60.2787;59.6683;-0.27%
Jul 14, 2017;59.0851;59.8363;59.9482;59.043;-1.26%
Jul 17, 2017;59.355;59.0851;59.4023;58.9745;0.46%
Jul 18, 2017;59.1807;59.355;59.4569;58.9138;-0.29%
Jul 19, 2017;58.997;59.1807;59.3678;58.9362;-0.31%
Jul 20, 2017;58.9316;58.997;59.2153;58.8018;-0.11%
Jul 21, 2017;59.3829;58.9316;59.3932;58.7825;0.77%
Jul 24, 2017;60.0094;59.3829;60.1958;59.3715;1.06%
Jul 25, 2017;59.8868;60.0094;60.1596;59.7296;-0.20%
Jul 26, 2017;59.4064;59.8868;60.0525;59.3748;-0.80%
Jul 27, 2017;59.4968;59.4064;59.6435;59.3345;0.15%
Jul 28, 2017;59.5578;59.4968;59.6408;59.3795;0.10%
Jul 31, 2017;59.7719;59.5578;60.3264;59.5578;0.36%
Aug 01, 2017;60.3483;59.7719;60.3509;59.7335;0.96%
Aug 02, 2017;60.5811;60.3483;60.8208;60.3483;0.39%
Aug 03, 2017;60.3489;60.5811;60.8357;60.0933;-0.38%
Aug 04, 2017;59.9798;60.3489;60.4695;59.8503;-0.61%
Aug 07, 2017;60.0388;59.9798;60.3208;59.8786;0.10%
Aug 08, 2017;59.8262;60.0388;60.0993;59.7073;-0.35%
Aug 09, 2017;59.9945;59.8262;60.212;59.8175;0.28%
Aug 10, 2017;60.117;59.9945;60.1295;59.7318;0.20%
Aug 11, 2017;59.8733;60.117;60.2975;59.8023;-0.41%
Aug 14, 2017;59.863;59.8733;59.8825;59.5678;-0.02%
Aug 15, 2017;59.7038;59.863;60.1036;59.7025;-0.27%
Aug 16, 2017;59.3852;59.7038;59.7315;59.2911;-0.53%
Aug 17, 2017;59.234;59.3852;59.4696;59.0005;-0.25%
Aug 18, 2017;59.0003;59.234;59.4993;58.9996;-0.39%
Aug 21, 2017;59.1428;59.0003;59.2053;58.9374;0.24%
Aug 22, 2017;59.0868;59.1428;59.145;58.9327;-0.09%
Aug 23, 2017;59.063;59.0868;59.232;59.0014;-0.04%
Aug 24, 2017;59.1624;59.063;59.2708;59.063;0.17%
Aug 25, 2017;58.5828;59.1624;59.2058;58.5598;-0.98%
Aug 28, 2017;58.4388;58.5828;58.681;58.3435;-0.25%
Aug 29, 2017;58.8299;58.4388;58.8808;58.435;0.67%
Aug 30, 2017;58.5678;58.8299;58.8993;58.3338;-0.45%
Aug 31, 2017;58.006;58.5678;58.6389;57.9844;-0.96%
Sep 01, 2017;57.5159;58.006;58.1909;57.3924;-0.84%
Sep 04, 2017;57.8349;57.5159;57.9533;57.5159;0.55%
Sep 05, 2017;57.527;57.8349;58.0915;57.2395;-0.53%
Sep 06, 2017;57.3641;57.527;57.5694;57.2721;-0.28%
Sep 07, 2017;56.9;57.3641;57.3682;56.7937;-0.81%
Sep 08, 2017;57.357;56.9;57.481;56.8354;0.80%
Sep 11, 2017;57.2123;57.357;57.3675;57.0469;-0.25%
Sep 12, 2017;57.7056;57.2123;57.7537;57.1373;0.86%
Sep 13, 2017;57.9559;57.7056;57.9758;57.5621;0.43%
Sep 14, 2017;57.4996;57.9559;57.9559;57.3945;-0.79%
Sep 15, 2017;57.6329;57.4996;57.768;57.3962;0.23%
Sep 18, 2017;58.1199;57.6329;58.1484;57.51;0.85%
Sep 19, 2017;58.1302;58.1199;58.3793;57.924;0.02%
Sep 20, 2017;58.1041;58.1302;58.2862;57.7271;-0.04%
Sep 21, 2017;57.901;58.1041;58.3387;57.772;-0.35%
Sep 22, 2017;57.4783;57.901;57.9025;57.4402;-0.73%
Sep 25, 2017;57.571;57.4783;57.7437;57.2474;0.16%
Sep 26, 2017;57.8226;57.571;58.143;57.3856;0.44%
Sep 27, 2017;58.1983;57.8226;58.3733;57.82;0.65%
Sep 28, 2017;57.9127;58.1983;58.5738;57.9123;-0.49%
Sep 29, 2017;57.4898;57.9127;58.0883;57.4789;-0.73%
Oct 02, 2017;57.899;57.4898;57.9824;57.4803;0.71%
Oct 03, 2017;57.9168;57.899;58.1529;57.828;0.03%
Oct 04, 2017;57.6845;57.9168;57.9168;57.5375;-0.40%
Oct 05, 2017;57.6916;57.6845;57.715;57.3965;0.01%
Oct 06, 2017;58.188;57.6916;58.2568;57.6914;0.86%
Oct 09, 2017;58.347;58.188;58.5018;58.188;0.27%
Oct 10, 2017;57.9808;58.347;58.36;57.8178;-0.63%
Oct 11, 2017;57.831;57.9808;58.0033;57.7717;-0.26%
Oct 12, 2017;57.6879;57.831;57.8369;57.6273;-0.25%
Oct 13, 2017;57.174;57.6879;57.7212;57.0588;-0.89%
Oct 16, 2017;57.3217;57.174;57.3796;56.9956;0.26%
Oct 17, 2017;57.2975;57.3217;57.5419;57.2589;-0.04%
Oct 18, 2017;57.4379;57.2975;57.5026;57.1978;0.25%
Oct 19, 2017;57.2734;57.4379;57.7178;57.2589;-0.29%
Oct 20, 2017;57.4945;57.2734;57.6343;57.2725;0.39%
Oct 23, 2017;57.548;57.4945;57.55;57.3864;0.09%
Oct 24, 2017;57.6412;57.548;57.695;57.387;0.16%
Oct 25, 2017;57.7552;57.6412;57.815;57.5255;0.20%
Oct 26, 2017;57.856;57.7552;57.8856;57.483;0.17%
Oct 27, 2017;58.068;57.856;58.7456;57.8547;0.37%
Oct 30, 2017;57.9716;58.068;58.0806;57.67;-0.17%
Oct 31, 2017;58.3289;57.9716;58.6003;57.9568;0.62%
Nov 01, 2017;58.2807;58.3289;58.3992;58.0335;-0.08%
Nov 02, 2017;58.1619;58.2807;58.4351;58.012;-0.20%
Nov 03, 2017;59.08;58.1619;59.2695;58.1619;1.58%
Nov 07, 2017;59.3594;59.08;59.4318;58.3385;0.47%
Nov 08, 2017;59.2551;59.3594;59.5735;59.078;-0.18%
Nov 09, 2017;59.2894;59.2551;59.4201;59.1151;0.06%
Nov 10, 2017;59.2115;59.2894;59.3512;58.9799;-0.13%
Nov 13, 2017;59.3625;59.2115;59.5688;59.0832;0.26%
Nov 14, 2017;60.2303;59.3625;60.2412;59.35;1.46%
Nov 15, 2017;60.2027;60.2303;60.4123;60.0322;-0.05%
Nov 16, 2017;59.6749;60.2027;60.215;59.5879;-0.88%
Nov 17, 2017;59.0623;59.6749;59.7576;59.0068;-1.03%
Nov 20, 2017;59.3469;59.0623;59.5624;59.0623;0.48%
Nov 21, 2017;59.1888;59.3469;59.5362;59.1002;-0.27%
Nov 22, 2017;58.5001;59.1888;59.1888;58.449;-1.16%
Nov 23, 2017;58.4456;58.5001;58.5281;58.3272;-0.09%
Nov 24, 2017;58.3732;58.4456;58.5971;58.2538;-0.12%
Nov 27, 2017;58.4853;58.3732;58.505;58.0568;0.19%
Nov 28, 2017;58.3803;58.4853;58.544;58.2163;-0.18%
Nov 29, 2017;58.6144;58.3803;58.7032;58.255;0.40%
Nov 30, 2017;58.438;58.6144;58.7341;58.3637;-0.30%
Dec 01, 2017;58.896;58.438;59.1325;58.438;0.78%
Dec 04, 2017;58.8003;58.896;59.1026;58.6605;-0.16%
Dec 05, 2017;58.7367;58.8003;58.8246;58.6024;-0.11%
Dec 06, 2017;59.218;58.7367;59.2446;58.7367;0.82%
Dec 07, 2017;59.1867;59.218;59.3672;59.0799;-0.05%
Dec 08, 2017;59.1639;59.1867;59.3811;59.0525;-0.04%
Dec 11, 2017;58.9983;59.1639;59.3192;58.8852;-0.28%
Dec 12, 2017;59.296;58.9983;59.2968;58.7873;0.50%
Dec 13, 2017;58.619;59.296;59.296;58.5591;-1.14%
Dec 14, 2017;58.7556;58.619;58.911;58.5582;0.23%
Dec 15, 2017;58.8009;58.7556;59.0216;58.727;0.08%
Dec 18, 2017;58.6635;58.8009;58.8009;58.5653;-0.23%
Dec 19, 2017;58.7743;58.6635;58.8439;58.5448;0.19%
Dec 20, 2017;58.7035;58.7743;58.7757;58.5971;-0.12%
Dec 21, 2017;58.4615;58.7035;58.7066;58.4262;-0.41%
Dec 22, 2017;58.3697;58.4615;58.4615;58.2079;-0.16%
Dec 25, 2017;57.9674;58.3697;58.3764;57.8085;-0.69%
Dec 26, 2017;57.623;57.9674;58.0099;57.5807;-0.59%
Dec 27, 2017;57.7424;57.623;57.9155;57.3927;0.21%
Dec 28, 2017;57.5153;57.7424;57.7431;57.4034;-0.39%
Dec 29, 2017;57.6114;57.5153;57.9111;57.4786;0.17%
